{
  "project_info": {
    "project_number": "284807448153",
    "firebase_url": "https://riviwsapp.firebaseio.com",
    "project_id": "riviwsapp",
    "storage_bucket": "riviwsapp.appspot.com"
  },
  "client": [
    {
      "client_info": {
        "mobilesdk_app_id": "1:284807448153:android:ff74879dd610d8d0",
        "android_client_info": {
          "package_name": "com.hipromarketing.riviws"
        }
      },
      "oauth_client": [
        {
          "client_id": "284807448153-q02pv7h7t0qqqht9ciorqafdk7ukc43o.apps.googleusercontent.com",
          "client_type": 1,
          "android_info": {
            "package_name": "com.hipromarketing.riviws",
            "certificate_hash": "c38e40431fc4564e4361a740900cd1988ec676ef"
          }
        },
        {
          "client_id": "284807448153-fv51kmbs90rs5mvb2k12s0j55ms5uosr.apps.googleusercontent.com",
          "client_type": 3
        }
      ],
      "api_key": [
        {
          "current_key": "AIzaSyCVBHiU8IKrp6NomsLTCcId_Rd8RxSXHos"
        }
      ],
      "services": {
        "analytics_service": {
          "status": 1
        },
        "appinvite_service": {
          "status": 2,
          "other_platform_oauth_client": [
            {
              "client_id": "284807448153-fv51kmbs90rs5mvb2k12s0j55ms5uosr.apps.googleusercontent.com",
              "client_type": 3
            }
          ]
        },
        "ads_service": {
          "status": 2
        }
      }
    }
  ],
  "configuration_version": "1"
}